"","17.skip","4.01","4.02","4.03","4.04","4.05","4.06","4.07","4.08","4.10","4.11","4.12","4.skip","6.01","6.02","6.03","6.04","6.05","6.06","6.07","6.08","6.09","6.10","6.12","6.13","6.14","6.15","6.16","6.17","6.18","6.19","6.20","6.21","6.22","6.23","6.24","6.25","6.26","6.27","6.28","6.29","6.30","6.31","6.32","6.33","6.34","6.35","6.36","6.37","6.38","6.41","6.42","6.43","6.44","6.45","6.46","6.47","6.48","6.skip","9.06","9.09","9.13","9.15","9.22","9.25","9.30","9.31","9.skip","17.01","17.02"
"Hrb98DE",NA,-0.573486715996752,0.12756817785434,-1.32267234271146,-0.361753623368572,-1.02659444502458,-1.42438427190468,1.02038528116867,0.0436394118574462,1.71124136281839,1.87819875290227,-0.00243676240924329,-0.448653358298991,2.3953936577899,0.268760168242888,-2.93019776825281,-0.958035071467132,-0.769337717614916,0.347207021737322,-0.332955918029979,0.201376341931705,0.700633936837163,-1.24571742514657,-0.997265785609651,0.249883695033299,-1.1726223119615,-0.579044767510846,0.902206832864993,-1.48536971175668,-0.251562264248077,0.657446084873508,0.506263040816908,1.03136496660411,0.158403772290067,1.22696150265876,0.43446613704908,0.68747169511185,0.110853772890344,1.88383773137506,-0.817132146048788,1.42521854985726,0.587946090725085,-0.426508112576705,0.540714962137679,0.320288360361417,0.0600614532764415,-0.556229699891302,-0.262688689743668,-0.163760900806089,0.661117185777107,-0.620453693223318,-0.071788675526343,0.115817790641187,-1.2947781513017,-1.21879728463117,5.81896516045335,-2.21828810729148,1.57098993174093,-0.242971492732654,-0.387913676709493,1.36234759605648,-0.284610822997038,0.0933674737729059,1.75898010871129,0.674821044477531,-0.82113728241399,-1.49516845138456,1.18807483336937,0.47999111367709,-0.47999111367709
"l.1.10Bb",NA,-2.23021573468414,1.42772514840353,0.454654704033793,-1.08555976567089,1.12400526725621,-0.206191639101377,0.590388203638347,0.203922538424327,0.127600043389156,0.659240650112996,4.43996346230307,-0.0173006713952665,1.91038549771371,0.316705351925194,-1.07853548430212,-0.233166957102018,-1.38374747597127,-0.641228807539104,-0.460670296342513,-0.309947314374667,-0.361950090645477,-0.0464206153809377,-0.164140005956533,0.166164104304622,-0.759012666307521,-0.10055719029355,-0.933526152792716,-1.0315401767891,-0.569547956289066,-0.50659348822366,-0.0831428672577205,-0.0677570496065018,0.0290562999306365,-0.318976918040142,-0.109542851196566,0.782746311518357,0.844047784432643,0.434094096203669,-0.431728120869883,-0.0548126274674126,0.275011587476138,-0.376162736281012,-0.288491470970486,-0.127168239888103,0.940780864897417,0.922001858116098,0.174519179386533,0.063530613034946,-0.120715582255166,0.423974485512224,0.107217228745701,2.35577417877195,1.40304418332355,0.425070180742559,0.0267621418946365,0.288027774634948,0.385380929848138,-0.54715913445412,0.514134787900136,-0.58813435291701,-0.078096766426682,-0.504574442070308,0.666221711780807,-0.206566468827062,0.361566879342002,0.204033351921914,1.66769284633009,-1.02553911196831,1.02553911196831
"Rm62",NA,-0.307867369793269,2.99593486780493,-0.611844972799094,-1.03329206227075,-1.0175722069772,0.710291736952319,4.77930153290809,2.16377242993109,1.52812016755777,0.0575460312223018,-1.52794481290055,-0.0653610296741215,-2.09698668167398,-0.984439308027068,-0.332892282874199,1.27500481858178,0.450095049074004,0.615129435776647,1.22927866691355,1.57787066111614,1.98276850076788,-0.751731225941837,-0.165881031292752,0.505133096695791,-0.45163564645269,0.0204216085096805,0.767401884579306,-0.406498838976729,1.38990026764123,0.998551838674292,2.55757873669299,2.51060149368056,0.122215002304698,0.323345280779881,0.812648650480801,-0.184308584097451,-1.75553525954381,-0.0309017817036401,-0.912228081917859,0.286478652849425,-0.443589713492249,-0.455490678892382,-1.4424320974354,-1.09228146416106,-1.19025027971847,-0.218437672152432,-0.742916243383798,0.338036955812195,0.234422437823136,0.648980950529471,0.528812090842966,-0.226876694466686,0.116009331517872,-0.490592316840065,2.11007832343999,-1.03804799005755,-0.4411557905848,0.443894124699696,-0.0883665572522445,-2.47034126489988,2.00194305225338,7.53966075440471,11.064404277701,14.5896838416046,1.31489917144288,-0.803303885436794,2.69138299133744,-2.27147985251387,2.27147985251387
"nonA",NA,2.025321335699,-0.523001315523437,-2.20539727831421,-1.10831949351171,-1.28660632907558,-1.52182096426688,-1.09140953753482,-1.37139448348243,-0.443316502841977,-0.444388305689755,-1.33809544225294,1.25104320463483,NA,NA,NA,NA,NA,NA,NA,NA,NA,NA,NA,NA,NA,NA,NA,NA,NA,NA,NA,NA,NA,NA,NA,NA,NA,NA,NA,NA,NA,NA,NA,NA,NA,NA,NA,NA,NA,NA,NA,NA,NA,NA,NA,NA,NA,NA,0.891923310661385,-3.06289967845826,1.27694208983828,0.521664108493999,3.26590100296905,-0.377497485999657,0.110750005180586,2.2232520806805,3.01383963298765,0.205424065208514,-0.205424065208514
"Hrb87F",NA,-1.05739046170202,-0.192661527461893,-1.90456305270523,0.563800270026995,-0.75531181875427,-1.90634754700929,0.656724531864856,-0.184290335221122,1.89501847512768,2.64963951635109,0.269999014124707,-0.17363567232613,1.77403721098577,-0.250257265712927,-2.76424734005173,-1.9914852279983,-0.540344498182151,-0.126376347120975,-0.0585147985790822,-0.632663588602309,-0.123989359799093,-1.5097547716789,-1.08247492711412,-0.632347126579315,-1.09061681517018,-0.41544275021937,1.81143167032589,-1.40379173698518,-0.872772257513715,1.30375716379018,0.407029202336699,0.0883594349579525,-0.00785032218414602,-1.27244809088018,0.0728605824582225,0.698345461936872,0.717880444928326,3.17412780181423,-0.166162562701549,0.55789237219607,0.0202781225120515,2.34923537668425,0.628796063313029,-0.203497960097259,-0.139560978943919,-0.796147896857339,0.60124150111544,0.00589199165135651,-0.221698028800047,-1.45269630783398,0.136746273364166,-0.546686012412782,-1.34092314105503,-0.711372732940384,8.97867265546931,-2.11171379152229,2.59648645337088,-0.070601700753326,-0.374601058542715,1.37706754947376,-0.354057629387194,0.181111695196267,3.70743520750286,0.331256875192601,-0.343325738358671,-1.68072890113482,2.50258138760695,-0.499172796769882,0.499172796769882
"B52",NA,1.30482099884447,-1.62183851212643,-2.76341921530755,-3.92848487985049,-3.2345905059416,0.564688178359829,-3.40992960627838,-1.6533428572987,4.26124432652177,2.6359616377042,-2.03671872392545,-0.174115128489363,2.49253964531152,-0.665739841542826,0.337324274867557,-1.56774041713932,-1.19742310039636,-0.399590231018345,-0.685599180457054,-2.38681326038,-1.16558402179549,-0.101797575662218,-0.0835334313529093,-0.412386323388505,0.636788869522467,-0.67729892499617,-2.16770318516769,-0.0856852246111985,-0.061956258725365,-0.0287511707900285,-1.53453348195437,-2.4376425767514,-1.10837769801801,-0.693906700950506,-1.46640236703658,0.989566910167619,-0.285746269513494,-0.367764852319242,-0.0253245859496425,0.030159857414835,0.531432995630374,0.060347011834782,0.583155591108551,1.57538034226364,-0.586264731823144,-0.919466952187038,0.185706113545948,-1.32966104811887,1.26181055565342,-1.25337074189629,2.53164172467637,-0.619399646167348,1.12316870295047,-0.314782547621472,-1.96602568917968,3.20463665525698,0.161002470066178,1.75203138513985,-2.22722655767693,5.86194610168551,-3.6700275873131,-0.815845718204518,-1.65895252845147,-0.758156024039812,-0.951399984242909,-3.2554258748025,1.07943830599072,0.790192335831221,-0.790192335831221
"Bx42",NA,-4.51433593985047,-1.07606335840567,-2.32671919394464,-2.62792935395821,2.25315620829163,5.28723718814121,2.22189956880379,6.79060754011211,5.74913112121878,4.13311494949285,0.450744380802797,1.84215127268565,0.415693938206565,1.52092997941108,-2.20845974120606,-2.08040288767135,-2.1667992326587,-0.415044937934558,-1.25851167627299,-1.28681806170976,-1.85746401417543,-2.51686466312651,-1.44838603676533,1.24050586295146,-1.74680875300547,0.0351973350468329,-2.23029853990385,0.827036253052977,-3.45986946562977,-0.897591529268969,-1.56489008406903,-2.80882694297932,-0.620893952455432,-0.252904183931345,0.219399934669594,3.42758250553928,-1.41282965803071,1.68872127920685,-0.070365930986381,0.408022945401633,2.29414442627119,-0.44516219834269,-1.75762956537361,-0.647049138035446,-2.17638809377764,-1.01906718770902,2.97293113248153,0.496490915145632,2.44425759088733,-1.87291258490725,2.58197927943096,3.97292038219231,1.81162831046752,3.52319250545346,1.4082710230396,3.24681564899156,2.01195922655113,1.9042122871427,-3.87831878930999,6.37176683376284,-3.02552769135993,-0.645786496650451,-2.09870298231604,-0.419231929837101,-1.00006431203656,-2.23473654356698,3.33155521975523,-3.865298309679,3.865298309679
"U2af50",NA,-0.228672880933186,0.424910761311638,-0.538199327592722,7.39853614589322,-1.54932880770524,-0.646758167214483,-1.38636061818181,-1.33458815592257,-0.731702200398522,1.32366867360845,-2.3282632855916,1.77603792771582,-0.00557480061587,-1.30152054545054,0.290233293560312,0.510676373162404,-0.969543494671844,-1.37387697109234,-0.910101448552538,-1.03769315548873,-0.50739193664488,-0.985408174395517,0.0437057846902355,-0.222746021605162,0.528593377310253,-0.551342973551977,0.639698843751478,-0.789584589680869,-1.90126691831542,-1.7938377751384,0.0518937601581245,-1.28336197678605,0.0468862525192752,0.687119568431656,-0.296775026293312,-0.218161919806332,-1.47224436193027,0.729988829977983,-0.244730315138138,0.527062668325138,0.501813060547779,-0.786007655816782,-1.11405976526133,1.91719495188384,-1.09848489823143,1.42653775373815,-0.00611017837214195,1.66814439758375,1.62548919675349,-1.28131904362102,1.48946231927048,-0.171157085349696,1.83509042642632,4.63917455961699,1.34233384264828,2.7610013551286,-0.137574590286145,1.21453272916937,-2.17252424131097,-2.17570368108449,0.349327062415559,1.99153425732117,1.11476145420753,3.98008337909669,8.65914202676938,4.05503291280005,1.13681446596458,-3.58737516934425,3.58737516934425
"Rox8",NA,1.89781815411104,-0.592742535029825,-2.93871074704064,-1.96684428549763,-2.26842194748771,-0.582778760859937,-1.60204394436902,-0.779575633724423,-1.70893723868306,-0.458207812249741,0.251184437853646,-0.31792636012642,-0.396948084163712,0.611884242956972,0.953146551245545,0.380338518796141,-0.0341857705084626,1.09996183274029,0.292304030837214,-0.408465506541073,0.589669031730068,-0.127369833188191,0.154171039703885,0.700898406756716,0.903766896594575,0.55526181419716,0.405682883899128,0.0320157191056565,0.670313918450389,0.618965714392583,0.257923394033029,-0.327455374790078,-0.354902648881386,-0.282965916822228,0.368462425837901,-0.40027749925915,-0.0787192272682265,0.126394205091136,-1.07192999363755,-0.118884345961031,-0.164790594722025,-0.423437171606622,-0.0675735855686254,-1.12671813922169,-0.609807841226401,-0.55858040020928,-0.369001757543859,-1.13446995152347,-0.756433354605904,-0.775911082918005,-0.668064249093951,0.16765993768461,-0.805984371641646,-0.58049207658739,1.27522740408524,-0.57866181098603,-0.039054406562258,-0.382215811669473,-1.0430114776481,-0.654185680529767,0.131794094741575,-1.9370647092898,-0.403731667475733,-0.870799059207096,0.415114871350861,2.46581001240729,-0.623066118742979,1.80329150294332,-1.80329150294333
"caz",NA,0.17036523371118,0.0402053715771185,0.851535879716267,1.01096460556455,-0.435533818976446,-1.22388107683943,-1.20240709883913,1.01145082963542,-0.208236842476485,0.314797995654081,-0.694305495696097,0.0195425720637175,-0.519022242436101,2.42481513353558,0.8038144464421,0.707191812277431,0.827874199205683,-0.257006871042549,-0.105101272373931,-0.144903459139431,0.0292493624057965,-0.518429225327709,-0.425784906959863,-0.891563473837688,-0.7537051051941,-0.342009808081292,-1.64945667307689,-0.409971506921091,-0.344063075036123,-0.840500668685618,-0.135526835839879,0.140145359494512,-0.392537811484592,-1.02415269434154,-0.969642445947051,-0.28314804117799,0.286613576818758,0.0820399994484925,-0.0556559432209161,0.120602550545176,-0.662743894598336,0.677818832530327,-0.770401033532649,0.729024816551813,1.02250619406457,1.45591577217071,-0.430001084498507,-0.0571711328586885,0.888714803448104,0.724223454979851,0.92887695120402,-0.0600119787130745,-0.047232654545436,0.317247092147484,1.52681634155815,0.537778089187098,-0.247458779052479,0.144169287702376,-0.163122096513309,-0.820489042070776,-0.831653333907296,0.385613379339975,-0.426710514002666,0.46505550460091,-0.236871049446955,1.73827416372316,0.368955324347823,-0.680446725848945,0.680446725848944
"msi",NA,-2.48622766037513,8.25666139782386,1.80407703934412,1.52909360607079,5.08904889363032,3.30850304579509,-1.10429327026342,2.00464556558566,0.63748293835165,0.620795943814581,-0.115856843906067,-0.036816655923234,0.287837449885771,0.196801010065196,-0.408614112124369,-0.11770324611474,-0.7826293418633,-0.29213552916315,-0.131842862073515,0.103565179145416,0.042989403789388,0.120753064386935,-0.361263352454989,-0.18493080543156,0.177846678418182,0.369876195330178,0.261170344578567,-0.605682961930266,0.0811932413591189,-0.554439971398396,1.20871046641615,0.511781425936924,0.0803994695435404,-0.6664167330606,0.178972987662255,0.0165744760991585,0.382806354946812,0.618066150877205,0.15119010291533,0.518768031872405,0.797912815972604,-0.234164453874978,-0.296207902854186,-0.0244170269748955,0.229749041610229,-0.760156306727578,-0.0469886057560868,0.0863775254342945,1.19617049095632,-0.734418582449965,0.413172415651886,0.827023556334155,-0.0821872395015945,0.330566840877345,0.317315140751406,-0.286171152746577,-0.376891513537936,-0.714291042256433,0.984087202111646,-0.100209279886633,-1.90651165279886,-0.418251954514818,-1.76535552854516,-0.359782734784967,-0.825497762145641,0.0604605093850205,-0.333439659987821,0.790886135861926,-0.790886135861927
"Hel25E",NA,-2.7939667520284,-0.866420089063513,3.32659910685912,-2.2182107008527,0.478935252761846,0.996372096309944,-0.0426026561642505,4.62585102097639,3.57662013559483,4.07701850446037,-0.559166187631888,0.0332594010057824,NA,NA,NA,NA,NA,NA,NA,NA,NA,NA,NA,NA,NA,NA,NA,NA,NA,NA,NA,NA,NA,NA,NA,NA,NA,NA,NA,NA,NA,NA,NA,NA,NA,NA,NA,NA,NA,NA,NA,NA,NA,NA,NA,NA,NA,NA,0.292382084831202,0.762050105682914,-1.43735303512561,0.868994453599131,-1.50660579946426,0.07173346561737,-0.643036903544461,-0.654854321710101,-0.806883479611833,-1.8135586803006,1.8135586803006
"Spx",NA,-0.014506493450508,0.341313460155137,0.241800530194108,1.61745250620428,1.45190919645762,0.26313231210633,0.335499641895494,-0.774294031025665,-0.288367973864736,0.108304747331545,-1.38358663223751,0.450986604158106,2.17014470059635,-0.344442779037586,-1.26828174357488,-2.04844635222743,-1.40585383089752,0.380208413682657,-0.750406256399631,-1.54371846877915,-0.928594799350053,-0.986498241776122,-0.596956409256539,1.05940596902924,-0.753571495351474,-0.673312219244673,-2.28402756614399,-0.0307200715376455,-0.223475394972487,-0.482840442935944,-0.435651373959916,0.102241607137447,-1.52073822380037,-1.3399025525236,0.429287390796514,1.50524820997552,0.845785089941625,1.05789936247292,-0.550997077332807,-0.680775770455725,-0.0906933010947195,0.808968428180122,-1.03505572609658,0.0395065950160645,-0.693350334699729,-0.308586047697159,1.25737832214484,1.03765372102123,-0.12608755647866,-0.0111157141226515,0.903817977135074,0.187679981577198,2.0198185234986,0.790761450566063,1.46803940140102,0.495324807340529,1.78793929490338,1.96546768096441,-1.95838572598784,-0.57020101332582,3.11398276793811,-1.25412428123607,-0.553284027781466,0.598446414579393,4.05511418326379,1.55374003503334,-1.05891147951944,-0.928655828497466,0.928655828497466
"bl",NA,-1.25279980807469,-0.653409629271461,-1.03437966306854,-3.17448431690192,0.274354183561061,-0.528568033614253,0.756816041123739,2.14836481864581,9.54846490872978,0.794631293995622,-0.893667555603529,-0.453140995297708,1.91022680971272,0.877833849635069,-1.39930076568,-0.573035534848991,-1.14539083939689,-0.498659100645709,-0.657024874119988,-1.22602218511308,0.0201425217806215,-0.324499442472418,-0.81994070160128,0.513160969426171,-0.502835729129018,0.211726575132837,0.161425314513346,0.399526798525379,-1.35091158598156,-1.63545186690857,-0.712518740616419,-1.45460948337986,1.29391139935814,-0.760370316050633,-0.465543625407491,4.29653997529159,0.472248260782803,0.873325053972704,0.397436564333941,-0.590988394786013,-0.716678069258183,0.244814402932248,0.607060875739633,-0.401512537554919,0.45230745980509,0.154631419935345,0.283669066997125,1.00637487276635,1.45298288352758,1.92868569523674,-0.680922976723077,-0.491390619324329,-0.101959375932338,0.422906820187019,0.131109423745649,-0.636448360496606,-0.607933153817215,-0.72877804417723,1.98968890438306,-1.79195253439102,-0.249834667270766,-2.21144076317721,-2.2542053822035,-1.05579606721582,-1.33411218886034,0.87573275299057,2.18068666104775,0.650998094644973,-0.650998094644973
"snRNP.U1.70K",NA,0.0659775638616901,-0.459793813486434,-0.671585671356391,-2.16946339452933,-1.78195866759176,-0.562848422897185,-0.608206825247642,-1.56742804237668,-1.19083343652927,-1.17080357751411,3.87712044415723,0.295381723675636,NA,NA,NA,NA,NA,NA,NA,NA,NA,NA,NA,NA,NA,NA,NA,NA,NA,NA,NA,NA,NA,NA,NA,NA,NA,NA,NA,NA,NA,NA,NA,NA,NA,NA,NA,NA,NA,NA,NA,NA,NA,NA,NA,NA,NA,NA,-2.89136444317296,3.53568357014331,-2.37341859475304,-0.197896909112059,1.46631620658825,0.548362894329607,-0.512729231304626,-0.280558032390942,0.977288084996841,-3.29896664082477,3.29896664082477
"U2af38",NA,1.01042378144244,-0.651139675984002,-1.13134355830729,6.92040537530563,-2.372607849857,-1.29943331662816,-1.33847144715182,-1.65536381169834,0.272309213071753,-0.191081514409935,-3.22617534551398,1.30189239158176,-0.125339625097426,-1.35118889936579,0.156833326505565,-0.225310982661997,0.472064725459998,-1.15003777344433,-0.652248301480052,-0.195395100520688,0.0688394163666335,-1.36221750054502,-0.324361799814614,-0.876394115544463,0.480312901692381,-0.64944212859858,-0.559275643755005,-1.21153275105445,-1.11544677514639,-0.294371539892455,0.623290408073077,-0.975772642428885,-1.44866563815811,0.330685032654984,-0.634873306935193,0.213215361809702,-0.761123408540524,-0.460386863768919,0.534038017078275,0.051714808650462,0.414957215735426,-0.712308671808319,-0.505323801801483,0.999964721495621,-0.457818594230288,-0.287966544060497,0.404622401599239,1.50114108696846,-0.216102919232434,-0.585751888462439,1.1920953502519,0.180757511294563,3.35255873805812,4.41514924821128,1.70391662749634,2.9503840267428,-0.141988542747542,1.62976670613711,-3.96141786777923,-3.44929142098781,-0.104922608724437,0.723493806823843,-0.328639496949497,3.58834833158246,6.06392160752136,8.92997038681441,0.306527975457804,-3.83178634015403,3.83178634015403
"dom",NA,0.159671037913479,3.03426916665856,0.511611777563557,-0.131578729637821,-0.236162530031001,0.211918768752174,-1.74748358372808,-0.759059119479379,-0.942940061484495,-0.39285582103392,0.857190762808369,-0.333461207110382,-0.167359344996144,0.224318638944858,0.402937549599366,0.628529316495255,0.130391091876409,0.098017790690612,0.0253589954306512,0.121234441018553,-0.171560531482525,-0.101683598283639,0.254415557169831,0.123765190221016,-0.19571517783442,0.0760325281379637,0.582172793570238,0.45191904730979,0.413765374160225,0.173002233046422,0.630880659844175,-0.2358623923809,0.466039385571107,-0.0394292721045016,-0.279774788704007,-0.189647426549381,-0.322683481243666,-0.262007138859203,0.214981203723415,-0.573305677541147,0.136218693063201,-0.499744231948332,-0.095540104978197,-0.441515128571984,-0.17878361422688,0.0515182853115265,-0.25651160023055,-0.678387004119056,-0.652322434149866,-0.435868243942342,-0.934773810756159,0.186205524074522,-0.263603325656502,0.333121230564827,0.349491042604882,-0.0502696307407745,-0.0591954679774483,-0.46271040733952,0.77931734916115,-0.344670660648344,-0.258090562517407,-0.517011494744978,-0.0643047205077485,-0.325888970852592,0.444429431100127,-0.312950124058066,-0.168337627092248,0.329639311249633,-0.329639311249633
"sip1",NA,-0.084493228927133,0.440191509539422,1.3263673351828,-0.367759543301332,0.0473786425756103,1.97738357800797,-1.60750030218309,-0.418758425986955,-0.781067208691624,2.10923864828987,-1.53586228803865,4.44280363076695,-0.555613076461102,-0.692291155707742,-0.1880791167565,-0.175065359701289,1.18798720235683,-0.3993323461466,0.0510187645127945,2.13249454437853,-0.400889317089091,0.104387203429917,0.431823277803158,1.23863808327842,0.144535758576835,-0.183828880609229,-0.790086962069514,-0.180267197204205,0.468759881683214,0.237032293370234,-0.640198859143283,0.0773312814266515,-0.136940771121662,-0.026891915469326,-0.414002376250727,0.474073769438764,0.47609907431159,-0.219939437708651,0.198373093625956,-0.111515764164995,-0.75702236823268,0.132215858411109,0.244956219068091,-0.491558677555497,1.15817461910555,0.564839383595231,-0.128966384443588,-0.384988390256697,-0.38365100024404,0.321704281938082,-0.712203523165723,-0.196322332410981,-0.862955981754232,-0.176716647827283,0.242225654614744,-0.236893936581486,0.194210613263556,0.800299769767923,0.844417523546221,1.06823635785628,-1.10759255779057,-1.24327149902053,-0.81705491813927,-0.0528514009007209,-0.673027670041213,-1.74721079528407,2.44848032742296,-0.752049881732386,0.752049881732386
"Srp54",NA,1.8807397627379,-0.0228369084522725,-1.32543742068883,-0.444333782702371,-0.288823678294525,-0.939723487006136,-2.11410391270122,-2.21049169518427,-1.86452342527568,1.56625198163678,-2.69992891833911,0.689572105474283,-1.60346759686862,-0.362294617179619,0.457098358496866,1.67387480414392,-0.229860210561361,1.13827007896363,0.70968837031291,0.830523379482623,0.340494387221232,-0.964021184891424,0.359776541943887,0.526511431774832,-1.05191363768694,-0.217375642776092,0.0706370286344,-0.332077549755656,0.181985287028031,0.194721567106987,-1.26659346315283,-0.575743431584603,-0.137175323233047,0.200483597198783,-0.0151851988851038,1.11514367653403,0.557085502430805,0.19783127533413,-1.76856074674301,-0.095142397825781,-0.189607780941401,-0.56957734672738,-1.06386646541738,-0.201504211895771,-0.635890165333213,0.270689076224181,0.166921701437321,-0.969877054351718,-0.675751499450574,-0.191943724178677,0.785158617597844,1.09126919971415,0.404528027236423,-0.821027534791062,-1.4453368000181,0.487579438460674,0.156178968823509,1.40131983869586,0.2578430023665,0.442216270458684,0.782714400280945,-0.207644186045,0.748834036721024,0.747091870442955,-0.108085213989505,-1.49240542598936,1.40113038475448,-4.02600186206267,4.02600186206267
"CG2685",NA,-0.694863358567485,-0.832998367418278,-1.44312061648474,0.110704696260348,-0.26392479336199,0.354895763073881,-0.447939359890843,-0.396229134683257,0.987105646896166,-0.0451092430738715,1.66959434416915,5.65457522615756,NA,NA,NA,NA,NA,NA,NA,NA,NA,NA,NA,NA,NA,NA,NA,NA,NA,NA,NA,NA,NA,NA,NA,NA,NA,NA,NA,NA,NA,NA,NA,NA,NA,NA,NA,NA,NA,NA,NA,NA,NA,NA,NA,NA,NA,NA,-0.861938959686741,0.790149593840525,0.058017908242675,-1.42240936913225,-0.332226685889737,-0.801397359801115,-0.756607549691799,0.262929684067975,0.791047186226041,-0.0671488621207185,0.067148862120719
"SF1",NA,-0.370497159279464,0.177177445654243,1.34739676269563,2.90592578586661,1.1843556638599,0.56609503213833,1.42899687415881,-0.349626213984316,-0.0789444685866978,0.00367565034355605,-1.74622466700355,-0.44629388242528,-0.699804568896858,-0.461403903934856,2.18467271722276,-0.878313562895041,-0.457753808539719,-0.597145793841944,-0.49871520468392,-0.901018079053454,-0.187681887915962,0.842600725681076,-0.0928527879614234,-0.245675747619293,-0.0628676091226319,-0.405476002153362,-0.0626203171018505,-0.561106355446145,-0.211527280990701,-0.661003404298404,-0.249175332705596,0.182677268018707,-0.572588882401091,-0.89296408838337,-0.124285694550013,-0.426526662254887,-0.0264158795528578,0.185833944773082,0.314826930116564,0.827360911020548,-0.144765612242256,0.105554200518223,-0.765150742354534,0.177687973225282,0.357946125995628,-1.14343991995107,-0.320359838276056,0.678639112195512,0.0274701581476542,-0.435781118119652,0.291187313865267,1.04950457590619,0.986392358998093,1.0148180290562,2.02370648873382,1.28195441710611,0.432601550449703,-0.261721907323484,-2.3861536191603,-1.49330258083601,2.72620213183741,5.58233587817111,1.72200533710485,2.82659572850396,4.61549264893554,2.20223651706804,-2.15691318998565,-0.913235952702449,0.913235952702448
"Nup107",NA,-1.1944961990508,0.180099520504208,3.92690210037732,-0.259550935196155,0.01624593640489,0.0213454527283075,0.0878554590013796,0.424760622094326,0.421719617141893,0.144605441643641,1.57041274199916,-0.185837525369272,0.0028663036819765,-0.847295625391365,-0.151831713385998,-0.608269135555249,-0.37760270890043,-0.372245858698293,-0.338741847632426,-0.471649173752678,-0.218978555947891,0.17452596014248,-0.0875703581921208,-0.51322572915565,-0.262544024214979,-0.123226000035496,0.378384633192392,0.145426583787679,-0.215104574634512,1.09637082875738,-0.650725368885095,0.096222434111087,-0.245007362671312,0.165902915629087,0.0407041606352575,0.015900175065753,0.805741252996754,0.827897215574317,0.091218116972911,1.25550771823495,0.217903599211589,-0.19153707050696,-0.24807486490632,0.815183550649406,0.494445430232182,-0.316538985522765,0.158383111934126,-0.137110943134943,0.136597338089573,-0.647029640410918,-0.105142887115595,-0.116547863616075,0.319514169153853,1.05455464789934,0.704942385474217,0.011040136910333,0.409475325702063,0.622480367277308,0.748661304512061,-0.456796352781428,-0.932311502967939,1.63636783093397,-0.304151443165411,-0.175889876812539,-0.142204533359138,-0.0826984675954339,-1.2075683335416,-0.619618100301374,0.619618100301375
"pUf68",NA,0.520182587328861,-0.303196912828957,-0.29370085914536,0.114205503500169,-0.174348743273126,-0.452310770376589,-0.156853207643753,-0.200558691115209,-0.137725055476399,-0.423413442733844,-0.425519870112168,-0.268551760963616,-0.247424828829952,0.197524700671408,0.582992596191443,-0.229109181193254,0.26650849377112,-0.134994381857288,0.0393695748410101,0.322800615125087,0.549061068901489,0.308713999557423,0.201621206320293,-0.105317482346822,-0.0482360131247233,-0.108644736506589,1.17038280055698,-0.378978435826652,0.28481824411624,-0.345856659551756,0.581185096647052,0.0409834101951529,0.0248666495401048,0.189141113716411,-0.545927406278466,0.128303504379249,-0.147452810486816,-0.201209664774794,0.0623783017955453,0.0304814582901179,0.622935944476158,-0.487914535342186,-0.422219773786466,-0.48710866695327,-0.27259509758821,0.200994049083775,-0.125450486744036,0.153675774895708,0.014520915466936,-0.236025452982619,-0.223184865576563,-0.720736475393156,0.35996618719754,-0.359162003502544,0.269555841714409,-0.250633629058761,-0.253218464246235,-0.551921020737903,-0.390435436273959,-0.36887836435535,0.645721788722587,-0.0553616701503055,0.896814573856628,-0.147176781607475,0.221006657070015,0.570897135956351,-0.302997164310732,-3.48146314377054,3.48146314377054
"Tango4",NA,-2.52066152405555,0.544200050888871,2.48266257716642,-0.29662442124694,0.637153937929859,2.8460415503722,0.210023080640002,1.94850044498947,0.216019457949119,3.70399067246469,-0.0288156198641964,1.87462558580866,1.26434980225095,1.38338699340015,-0.520085426963575,-0.729618269326982,-1.1279959844486,-0.443240933537128,-0.308757252646377,-0.376082386886604,-0.681500786743182,-0.710887549123203,0.0471827511675745,0.659562098482444,-0.325720857848435,-0.286570553029915,0.047058863153079,-0.704595972663943,-0.546736375225672,-1.44055088044969,-0.17744874409467,-0.36979657915772,-0.107379400395262,-1.27429102706025,0.137795077810816,1.40097676445125,0.712126367326254,0.141254310715214,-1.01310927662842,0.0921055535981845,0.235296153307174,-1.17937503168364,-0.680125354583636,-0.770004139524632,-0.107533461927228,-0.495087366588595,-0.275072913903567,0.817664984507284,0.988593518960903,0.755014408554542,1.23468245773533,0.714845234257059,0.260621774202096,0.216534991760448,0.849860607690457,1.07069068355623,0.916834685427033,0.165175813234324,-0.027262589224337,0.914859304418158,-0.29878100156366,-0.600944753081151,-1.10292025643972,0.0291626978362561,-0.383168562038499,-0.854645647826408,2.04797960689886,-0.724037948564667,0.724037948564667
"cactin",NA,-2.22653278834016,1.47600991280812,1.46022078256762,-1.04544211004697,-0.214488717566815,0.502275616846167,-0.360268975531873,0.521934977215018,-0.205004095829188,0.972037955989736,4.33446057653929,0.274144308396124,2.26529768298473,0.269638104470108,-1.06784930340386,-0.222323202932204,-1.76095100108249,-0.723665315503441,-0.119351403600243,-0.100708280240279,-0.644517113836904,-0.79342151656629,-0.505770208225055,-1.05132351550347,-0.068081906304081,-0.334656643569195,-0.20281006138592,-0.280485336278125,-0.838270425996708,-0.54595502876377,0.363208107406977,-0.853795487440927,-0.0827498178828991,-0.294663540877313,-0.0497561800533545,1.09711004161931,0.0846491438766755,0.576192830781903,-0.404999725274888,0.333397642228245,-0.256367626400303,-0.769404772087286,0.411313032371909,-0.255090476010682,0.336575947420174,0.631117783606375,0.191237048237945,0.0727365150371139,0.898654014219574,0.515835958009126,0.0677176086137765,1.17637505783821,1.56648433168545,0.833524149986635,0.918504919833729,0.332636382740675,0.402299245656219,-0.61806376901407,0.768603590469665,-0.955761700139812,-0.119644218335162,-0.389475153635876,-0.303070693886323,-0.838745035025478,0.949443284461296,0.466914762374874,2.26514058908701,-0.596193203809817,0.596193203809817
"CG3605",NA,-0.866246227234224,0.0844612282741985,0.989661505580152,0.849639224141972,1.511944787541,0.784198085440833,0.974610822749318,0.0434798715188763,0.418999407051719,1.07785757464833,-1.01001204447238,0.434071834225793,0.261967041737408,-0.666061923704667,-1.39353160565113,-1.05739456892538,-0.446043091247653,1.00428526832088,-0.378705191768224,-1.34239053429222,-0.729496996031213,-0.899273719876329,-0.548733368617333,-0.841935722225803,-1.17931616876273,-0.735993904294085,-2.11697151925108,0.888412832889567,-0.963662478117697,-1.05702647214088,-0.893696734206963,-0.740701072757082,0.581580731961564,-1.06675404695617,0.54737362269766,2.323529271833,0.598717445933195,-1.3941485463947,0.0788514674602645,-0.702301771284723,-0.304252392146331,0.0106195247382285,-0.738840178058632,-0.190459919622743,-0.978021943858003,-0.346681116792892,0.670901386549007,-0.389556131313614,-1.5356166258935,0.46455933610882,1.50736376321517,2.40006166173686,1.64388755271291,0.96593798444837,0.323928457179678,1.00064802812811,1.69185592626723,2.64037481130166,-1.27954608203896,-0.0519125660452455,1.69187597237582,-0.727774457393816,0.252764912479834,1.30086848020685,2.15656568458638,0.511943021381619,0.381358842455453,-1.13627429033854,1.13627429033854
"CG9548",NA,-0.346764114064216,0.313116218392971,0.103991586637049,0.209970132648926,0.837011041579588,-0.284100239339176,0.272399837160796,-0.485003994548965,0.129182497473675,0.573643639239958,-0.102088034216585,0.111180736994652,0.292528529735725,-0.637840818125364,0.0708872591892475,-0.639998990695797,-0.455714183111762,0.603719991344365,-0.22855682570062,-0.784411161753976,0.0128371863193909,-0.687987147246449,-0.022002600608335,-0.898189120110463,-0.339889340071913,0.026825678746239,-1.89821216276852,0.881904908058084,-0.390790091412335,-0.88890742489779,-0.51729899073847,-0.271652429025014,-0.774843976783138,-0.762145654907194,0.252245988734726,1.19237400479863,1.58499191023507,-0.357583631643427,-0.059993024687505,0.973809249125422,0.255511573457227,0.0940962994967444,-0.152711485506785,0.240246103941684,-0.767917871487337,0.521806637907106,0.0325935641664784,-0.410864479183148,-0.218991103372005,-0.198628245586855,0.488570058468551,-0.780766802835831,-0.149013105414062,-0.251628832112999,0.471031791250601,0.0868236548590275,0.875055613915771,2.28769325613984,-0.263026690114731,-0.178753390901301,0.81024636446939,-0.382234918327138,-0.532270008210711,0.552069735482565,0.213701165076607,0.171230845109606,0.666433439198882,-0.803568956255205,0.803568956255205
"Caper",NA,1.19879324841936,-0.692352451244469,-0.0152801927133415,2.86813458236226,1.2288853850301,-0.289454118125076,-0.951126083102215,-0.107298449418325,-0.29948555352632,-0.37018186165735,-3.75644283961838,-0.0993394345831265,0.839105519061451,0.859342218000555,0.519023004215955,-1.21935841411244,1.50492728973928,-0.302675501345129,-0.597168984327878,-0.850732340026091,-0.744120400250861,-1.40339278246109,-0.739154047373289,0.060430468109722,0.133398109846281,-0.133470303045235,-1.21474809834015,-0.882692289021498,0.172912099024428,1.35971656348337,-0.411783300855563,-0.0865735126918,-1.00122661890752,-0.331854858721235,0.779751154608173,0.870649087003759,0.581443262180446,0.269849783666749,0.787454505534976,0.302318554777051,-0.780340434493843,0.0934025364682708,-0.577854438922247,-0.62185303554778,-1.19895245655104,-0.126388010804634,-0.0423067715175982,-0.434620278227933,-0.00465610842119951,-0.760098756319268,1.27426522879224,0.418163060150514,1.34374053572399,1.03644410927216,-1.06421694884692,0.502416517624382,0.161119270508119,0.534385276517304,-2.7859855188817,-2.35077596902726,2.00178730197722,0.569889530225543,0.616007954025934,1.57330814964295,7.26717973362488,4.85734164970363,-1.28935907151399,-3.63415646739553,3.63415646739553
"CG10333",NA,-0.864727384461806,-0.0661258614877439,-1.19447962691426,-1.01045624789909,-0.640558877236743,1.26863078899445,-0.0342240974854995,-0.0828763864938475,-0.525505702484321,1.16176468964681,1.78135766001005,-0.356327678556938,-0.266792457436751,0.234376487802771,-0.737060951933204,0.177806886879365,-0.168220956164649,-0.3639946362418,0.107387104783535,-0.396447486344155,-0.185736786690715,-0.33335115314636,0.238571463597856,-0.329839785588883,-0.0835274857987783,-0.369118524695596,0.299796146063581,-0.0193838117846817,0.218134890819501,-0.00330233988664802,0.167801158941709,0.054502172930845,0.246641833529175,-0.442739275467612,0.04438099223672,-0.175824908211631,-0.136139844083007,0.546192135032779,-0.149939650000528,-0.413538814522896,0.038425506983331,-0.64937403703894,-0.488254428914421,-0.259943137595718,-0.392499635857747,-1.02806050153892,0.111089509329625,-0.945274190849726,-0.0377068611320905,-0.265438131602309,0.504722313599355,0.919676230462523,0.739901748753838,2.33476853212202,-0.164747276490574,1.52775595646752,0.2283947729843,-0.396486136209966,0.052638041968624,0.990164725076559,-0.303467900408756,-0.33670972510205,-0.672034283584091,-0.239007551340087,-0.525552215983708,-1.10138996911398,0.712258515546186,-0.163764462287152,0.163764462287153
"Prp8",NA,-1.65815411200332,-0.630959181238647,-0.715908924769324,-0.918279142418252,1.63412913222274,1.78408707051704,0.740674629419026,0.682555917966821,-0.413520030555041,3.35186611666287,-0.354461831080506,-0.0817119867064632,NA,NA,NA,NA,NA,NA,NA,NA,NA,NA,NA,NA,NA,NA,NA,NA,NA,NA,NA,NA,NA,NA,NA,NA,NA,NA,NA,NA,NA,NA,NA,NA,NA,NA,NA,NA,NA,NA,NA,NA,NA,NA,NA,NA,NA,NA,-0.570071370043342,1.13605164900043,-0.48593029924804,-0.907950626896373,-0.959174075146581,-0.0106163657167695,-0.478076512816411,-0.410597346467113,0.51862858637407,-1.25966840531693,1.25966840531693
"CG6197",NA,-1.79219392038256,-0.0472801994656976,0.836253557393971,-1.00022673435804,2.43931614310937,-0.3554414208133,1.37583465461776,3.54917551368858,0.909094094280043,0.372716657949231,1.15951982030244,0.870804795424112,NA,NA,NA,NA,NA,NA,NA,NA,NA,NA,NA,NA,NA,NA,NA,NA,NA,NA,NA,NA,NA,NA,NA,NA,NA,NA,NA,NA,NA,NA,NA,NA,NA,NA,NA,NA,NA,NA,NA,NA,NA,NA,NA,NA,NA,NA,-0.157470170366309,0.462217573885458,-0.850622956213233,-0.179993458159876,-0.621446175734647,-0.110632122163181,-0.049937636758222,0.138185517814958,0.728670407182269,-0.688142604221874,0.688142604221874
"CG8435",NA,-1.63877650533695,0.465846598751435,0.589062899018083,-1.0956719330366,0.768975558889458,1.87373580518739,0.398118799070581,0.781061650644433,0.316608952539128,2.35783404883827,0.515814221724248,-0.134583593850523,1.58610648595318,0.261310927914586,-0.990838260656094,-0.550827137200657,-0.439809016885667,0.329014830074189,-0.201072798265189,-1.12588687292363,-0.153464283150697,0.02848003087683,0.187694263799145,0.084530250672365,0.376969238453351,-0.0733372070501501,-0.546667092363126,-0.980003187826639,0.179526053256625,-1.12575641661937,-0.287523381590381,-0.586867906295496,0.056329904076214,-0.303204134497432,0.011265340615321,0.813818120553115,-0.81840049681921,0.310822618257161,-0.40631680421807,1.01594783350589,0.024357592516431,-0.87057501994471,-0.545436542869036,-0.354260305297535,0.261073042513702,0.0206030660553315,-0.0632606709613486,-0.00233820024001249,-0.787659782585221,0.884824654044539,1.82862999613999,0.396669838263793,-0.51629761752616,0.71979388312915,0.467721626609196,0.225720142000649,0.170955188591465,-0.021452937834018,0.768446138115901,0.545242041403561,-1.10130440667341,0.236558032277772,-0.463529961551586,0.582596740903159,-0.432549960319729,-1.08804389234492,0.620820066182558,-1.06202664360473,1.06202664360473
"CG9346",NA,NA,NA,NA,NA,NA,NA,NA,NA,NA,NA,NA,NA,0.407695970089757,0.406630047147949,1.66993684215953,-0.104065028410599,0.820313717908151,-1.15561588841789,-0.19445195522495,0.866966470356175,-0.47692048143091,-0.251028177079629,-0.75946536076868,-0.884364495292804,-0.81420282260582,0.963985699666849,-1.00301003578129,0.87203605061279,0.117225891440342,-0.439887830091876,-0.067766284906521,-0.267062748152009,0.192475680432981,0.667614713784077,-0.648465465390398,-0.867449487156012,0.882593303260192,-1.16588785446135,-0.517108342977997,-0.836835886519878,0.217849508757301,0.395877402759282,0.480401207680812,-0.468729983419561,0.675256930890599,2.14897739097591,-0.547044764796354,0.458225973359737,0.025605452134391,-2.19136073636337,0.853810478157225,-0.737537778532256,-0.672125492088212,-1.09246368637587,-0.776536894761938,-0.164426061331376,0.111525286800544,-0.317799480493628,0.816943163062611,-0.969717449769345,-1.56580595548552,-1.02033593793429,0.601117524656913,0.0108284230007958,-0.538128174857079,1.12396057695124,0.340502467067221,-0.041269218685021,0.0412692186850215
"CG11505",NA,-2.03886008752178,0.190177915075151,0.595187063163027,0.0508208824477195,2.67124279772213,1.33796121268238,0.725177113272397,2.4824429945571,1.34074952959469,0.786648007872405,0.726520019994179,-0.215894820963891,-0.172646936938279,-0.682224404139504,-0.0438848818340005,-0.482294360302567,0.0145288735895285,-0.621112431213404,0.0262211839606986,-0.33362359316322,0.0489039421394298,-0.013066520887491,-0.225803194488141,-0.184784281165926,0.0827047475200445,-0.046827457921646,-0.374517767968842,0.0910670124363835,-0.288698987346532,0.551979122747604,-0.449808979969791,0.0585209850074826,-0.825381904682528,-0.435500473161438,0.368031192208544,0.683373003597068,0.893025409050226,0.765824138436475,1.06897721396205,-0.371483441418902,0.360443074000449,0.827738583554339,0.261311936320242,0.435284444950733,0.4690022172857,-0.762613925088611,-0.207047601437051,0.540406659017799,-0.793763015256659,0.455742580493097,1.18034394809144,-0.0332442971324405,0.136370448452679,-0.328321531250885,0.0937066826163635,-0.607489301737413,-0.269608864481346,0.691356031080323,-0.664280768572931,0.335597074857432,0.0952449827504935,-0.181234626742034,-0.738229776279777,0.0102793988960185,-0.420844624176729,0.415021788460662,-0.245605700363753,-0.00867232447369751,0.00867232447369801
"CG13298",NA,-2.47459967396339,-0.270042360101738,0.10251707945042,-0.966918833628132,0.676597985883317,1.27738369135558,1.68120184907865,1.18781562810754,0.214068714700933,2.08928949805297,2.60696428922623,1.70330318984353,1.52357032751848,1.38639462282618,-2.22235677075895,-1.83816367241893,0.303534145267362,-0.146167832163161,-0.289688898805846,-1.68936681878953,-0.349930822158345,-0.622172072457855,-0.72366123346515,-0.157336633321964,-0.709040366188505,-0.336933280185969,-0.846675363575083,0.0213157736270865,-0.452562524661589,1.56187672732433,-0.64792999983528,-0.956933122757647,-0.50188491052862,-1.70831942988242,-1.27686976401852,1.43570708771736,-0.293088809691834,0.51067425889469,-0.244441646369879,0.278962343563023,-1.48710034622224,-0.826846726891844,-1.10968945302027,-0.323916871576436,-0.813076587871355,-0.173642035155147,0.369061546643653,-0.491666584252902,-0.0466411864426207,-1.54388021776772,1.1497442313141,1.56855081882351,0.645590249347359,1.84245970081322,0.75212807745762,2.45760254046009,1.56319529511829,0.754113379626714,-1.04894423428632,0.334348773675325,1.37286318823049,0.0951052353166015,-0.854096091571715,1.33118741736852,-0.215311462340655,0.130397832922022,1.47983812560316,-0.516340387311614,0.516340387311614
"CG3689",NA,-1.82757790972147,0.634089050117112,0.019649370115624,0.909289468890601,1.06641130313076,1.47634957041468,-0.340136182403817,2.43083237719025,2.04516593859899,1.73228674490074,-0.2874829809347,-0.27843743059954,0.996722559886883,0.297792267995448,-1.20430947854466,-0.266120111095471,-1.00043634515084,-0.164086280305624,-0.283693658593132,-0.283077645558143,-0.189528766965639,-0.383430573045162,-0.207354624211605,0.151020191768731,-0.295514362334481,-0.195469434262379,0.0381751602100795,-0.508004390463402,-0.588934430728137,-0.741298766208149,-0.141630531798152,-0.152439619203982,-0.159842115431743,0.214950464555592,0.589711589393976,0.023009480252064,-0.317467596320492,0.941272682468814,0.219677364420812,1.02767884489195,0.230016425511294,0.214668712754617,-0.164030449146482,0.04982013044114,-0.106080736850583,-0.076595788758175,-0.325910714109192,1.05183368940626,0.75185823869885,0.787829816895719,0.990662839138927,0.83694477088007,0.200143846706686,1.85877298183391,1.22369928011502,-0.419039100419944,0.283709107163519,-0.671848408993253,-0.336531466064303,0.600144771153108,0.577866511124765,-0.209403309400092,-0.526591317561707,0.18789427279645,-0.235933395801658,-0.613398093660674,-0.491532538181585,0.289127659799059,-0.28912765979906
"CG7564",NA,0.232688253429402,-0.122102687888356,1.79480322548942,0.508984400694142,2.2119930612091,-0.581672035089314,0.734727016671549,0.454933368645064,-0.124859703221031,-0.26198258527118,-1.84710279712153,-0.230983949645924,-0.399369586707632,-0.718469836122327,0.0672690168828989,0.778786318989367,0.393945577583568,-0.175786829929598,0.401795669777256,0.958561516611451,0.310036791895494,0.96128626439274,0.263825341339975,0.101372136626008,0.0640247542320758,-0.0021828060398435,0.246562022578764,-0.262820177669492,0.035390500624002,0.798690283731811,-0.337138259844406,0.369252435584976,0.372909079346144,0.758746155564151,-0.458952208765204,-1.47962615231431,0.275902090927999,0.0430285343170617,0.0841163656951355,-1.26931326024441,0.313585734765677,-0.650123421378111,-0.647216874856998,-0.235349782450407,-0.851565952156876,1.81997542517574,-0.51665171706283,-0.36337936061439,-0.463219289983377,0.050915577779067,0.00792590157755155,-0.28322485222807,0.19326484560314,-0.16316695690204,0.642104333527808,-0.516705855751179,-0.273343806740144,-0.315748578830835,1.27923642759861,-1.22863714017268,-0.784390889012909,0.224859494424639,-0.327943224842767,-0.593451254143676,-0.345955763981567,0.553668856733264,-0.676397939103641,0.119215747512724,-0.119215747512724
"CG14641",NA,-3.70048066702338,0.457755534627523,2.18351628862992,-1.33870110228655,1.57646022021333,-1.03024820966579,0.953898146151739,1.25487487431012,1.18868484139464,2.54058305275653,4.87524751416745,0.303117784738045,NA,NA,NA,NA,NA,NA,NA,NA,NA,NA,NA,NA,NA,NA,NA,NA,NA,NA,NA,NA,NA,NA,NA,NA,NA,NA,NA,NA,NA,NA,NA,NA,NA,NA,NA,NA,NA,NA,NA,NA,NA,NA,NA,NA,NA,NA,0.287101168450581,0.409150648684028,-0.57115418846276,-0.967351763392177,-0.706187690917931,0.224516322825865,-0.797827258677976,-0.355876229541907,2.95283579907887,-1.24407886087903,1.24407886087903
"CG2931",NA,-0.232982439312874,-0.0566891350886079,2.66739101986035,-0.502519339773968,-0.259705648690709,1.12795540451232,0.672039981888371,0.797616552914148,-0.923841517072802,-0.166358996164604,0.0871512215089266,-0.30452670718606,-0.588942505104308,0.316918504488892,-0.091958951712709,0.699366170445446,-0.256203925191213,0.68653622854762,0.0655308836661915,0.07473092250811,-0.199336151369127,1.22107091270145,-0.0153555723070752,0.0997831715589445,0.193192701644975,-0.034234368396302,0.483620521864334,-1.00232942214061,-0.502177898987098,-0.245445672038054,-0.0125645700748818,0.31139782203334,-0.18137617389614,0.997885846575471,-0.362954701612954,-0.0091763910763717,0.131113356794794,0.804069585160365,-0.112815074209535,-0.542138883968442,0.0818653037580455,-0.255145506604977,-0.450615579494856,-0.692945596998501,0.034015829298585,0.448759117608858,-0.652641296018083,-0.411181489116537,-0.391821896514416,0.735931804017235,0.14997330126281,-0.032388320402221,0.038055506691831,-0.180570785427723,1.1838412026755,0.423664626904463,-5.35973830965986e-05,-0.676943254382563,0.380224278810431,0.128264032519732,-0.323928721279137,0.088540352126862,-0.513221860919447,0.034792365044589,-0.0912616427352548,-0.527955697296801,0.340727385325912,0.109752164745055,-0.109752164745056
"CG1965",NA,-2.91259453845252,0.733642922249161,3.29416228567138,-0.624958698157247,0.216363085583068,5.16687964068623,-1.03292025508027,2.5004066034831,0.571928082284727,5.63184923250578,-1.47783849875123,6.27350198291568,0.401425374316592,0.606355522354663,-0.989986357665907,-0.875705957625756,-0.568669254387788,-0.248652662095059,-0.545140468514846,-1.15558031084858,-0.642589415781188,-0.518780979556961,-0.239887861626459,-0.164539611257194,-0.183739250445314,-0.818906142857335,-0.378870795132582,-0.855732369155249,-0.362568435314454,-0.580777304437965,-0.469454264935436,0.057499288274519,0.139866549478747,-0.747051506945039,0.128413194221486,0.359151757084126,0.534966814470162,1.27343017625788,-0.960197629356259,2.28078794946512,-0.190941067257765,0.164320132899476,0.917794617983416,-1.10836782610459,0.63015250139306,0.24624894415428,0.754537796860697,0.337184051881276,1.34561928989049,0.902997612570606,1.46646932185152,0.951488844228296,0.042454851937117,1.79384500590843,0.521417031176887,0.560548847135679,1.20831967064914,0.593114426762759,-0.899494544617004,1.37329346538436,-0.308288051044057,-0.974640237225121,-0.382754663544699,2.01318424995145,-0.213970568828328,-0.630500507807392,3.01352277654347,-1.47871990053233,1.47871990053233
"CG7878",NA,1.37417973839855,0.00517325147860351,0.00548752594347898,0.727283183469857,-0.300245681477827,-0.679515895717981,-0.899443511201235,-0.655718935032617,-0.701464652257925,-0.150336409505548,-2.3094146015026,-0.183860253339614,-0.172397772873216,0.15001593263559,-0.403119653280933,-0.0670117315828953,1.36655223229497,-0.0868544958371419,0.895228729768641,-0.0142875622704445,-0.0349072930407305,-0.196187512585616,-0.346176780574053,-0.642572439096951,-0.296139048283187,-0.28740948962737,0.532273305647454,-0.313534484734129,1.19074756418618,0.141720332206484,-0.704608479547704,0.056188602931285,-0.837220589248956,0.77209744140961,-0.112958702928309,-0.209563023504107,0.01951389171944,-0.673851934675082,1.59971576290732,-0.0387203813083325,-0.378857713676601,0.195867165008948,0.274791904942448,0.83424356409738,-0.57503754199138,-0.368033573575415,-0.251306627705759,-0.0277910954014895,0.155484727301256,-0.066285077493929,0.0195859189668025,-0.134024824712463,0.431038555710961,0.332360359324055,-0.920914576780524,-0.201911512348613,-0.315601943271357,0.355847021666811,-0.321678393497107,-1.25310563889203,1.0001252626021,0.723407293126343,0.672230141806368,0.917721788311489,1.89426725758354,1.34952507118911,-0.315909586449336,-0.447233325803779,0.447233325803779
"beag",NA,0.273214906832177,-0.191225997826641,0.494671965288225,-2.14252106151647,0.350042843048608,-0.1131061690124,0.516105800379476,0.00598834055116398,-0.305676831456414,-0.45288304767404,0.656751919609494,6.31244292459658,0.17073604445385,-0.145982286431987,-0.212745630955467,-0.140450231183918,0.34022679805503,-0.308910692418793,-0.171937962937046,0.649130716779159,-0.503308185930281,-0.0287204329593468,-0.0751460712584505,0.0414001852937155,-0.0308773972796135,0.33247843196122,-0.144848418870614,-0.415559677831066,-0.113509129492937,-0.692894484408383,0.103226952821662,-0.044860059521144,0.0343270652664704,0.849601267417423,-0.510445703641063,0.361441934323489,-0.664181445307126,0.647059880236414,0.224310153381149,-0.486931299842491,0.122302562196568,0.289483021023805,-0.935710587879511,0.0504214396255345,-0.208032137886603,0.18875643556985,0.316559651711177,-0.459456903885513,0.227777339594935,-0.708875632223177,0.081783772449879,0.438110686277505,1.21657464840478,1.01061698147557,-0.198694917998782,-0.0716871146878815,-0.0459601957070306,-0.106502968463586,0.039269382759285,0.407543972172677,0.435453365032135,-0.692387912140615,-0.153217819685155,1.42469125728958,-0.66612192538544,-0.678947612889136,3.25968716498567,-1.41397224948819,1.41397224948819
"CG5641",NA,1.58343392950608,-0.741701615120082,-0.879077039425206,-1.13479564249339,-0.809755793448748,-0.638125103098607,-0.961890179882746,-1.70303724091388,-1.09632152961479,-0.362416699325526,-0.677061871375967,0.026938249894781,2.516305506128,-1.5326015710814,-1.70019025930909,-2.05626643690867,-3.27165677716157,-0.147922545957035,-1.27554916364299,-2.48256187371411,-1.90802713065198,0.55750894577855,-0.56321379606543,1.22344547512399,0.179420332295597,-1.04525394499699,-1.26745144965375,1.16904156283119,-0.350332530926862,1.81761085433659,-1.53905967042052,-1.5713980342694,-1.00250316739029,0.835052585347808,1.07517129196218,-0.327132372813994,0.742532779934846,0.85453055663394,0.12229568704844,-0.356636097276294,1.75037326487024,-0.596009039636766,-0.0160677392528809,0.670850510184971,-0.725936622926059,-0.332592791190026,0.349393185360808,0.527501847190791,0.472636140429526,0.246223633965382,1.71090542950795,0.717473656476934,1.60351589445463,-0.542847733693425,1.51172963486905,2.19597066730852,-0.0155141212128012,-0.0252893979534805,0.970250904010367,0.0153598165166335,-0.296396240334034,-0.533572401219729,-0.687803401037885,-0.593682299326686,-0.688092710083494,-0.899884525372175,0.0794433189320047,-0.284182879971566,0.284182879971567
"Rrp6",NA,NA,NA,NA,NA,NA,NA,NA,NA,NA,NA,NA,NA,1.11063314439507,-1.33707492666554,-0.831204954139384,-2.29746354881038,2.20685285896171,-1.94464270800019,-0.592051889025796,-0.189584560558325,-0.143928550126789,0.145518583227455,4.46927249281981,4.08228649327092,-0.512723547603601,-0.331371418168436,-2.30319032761833,-0.348684131460833,-0.937771759863592,-0.186081566188903,-1.12275860209737,-1.38091824307234,1.15964754316758,0.814821303682392,-2.33426826175534,-0.512970925152665,-0.0679333569380525,-0.559321585144018,2.23066729712686,1.45401053376064,-0.0020401088342829,-1.07976069536855,-0.456170606771086,0.08525899476356,0.0348614223802835,-1.34850543426883,-1.22643109998828,0.361425507793832,-1.10752734541976,-0.63600702015549,1.06349273464222,0.558403409603413,0.130927638488215,-0.834318903460081,0.0993156565941765,-0.806032947056273,0.618620656584728,1.56615540973966,1.31550116421539,0.353261133543869,-0.629192599964761,-1.18151338110287,-1.70413527674304,0.102646217506897,-0.636637425149878,-1.40170168352602,-0.486684588494229,0.606286334572716,-0.606286334572716
"Sf3a1",NA,-0.710208491056824,0.28148311641664,1.15932624753431,1.40176474540717,1.25307696547664,0.918488101898224,0.514514111192736,0.286030475721268,-0.193465435152085,0.841616393059355,-1.14579331631373,0.116339133931271,1.74773983827991,0.269725653300016,-0.581227260728205,-2.17848440935973,-0.948695599613651,1.45782634893803,0.0111177197540886,-0.954075820682342,-1.52690975263835,-0.168833008540888,-0.745858854314825,-0.135511701714574,-1.27409082258428,-1.18730826086298,-2.5755023401248,-0.327027637913659,-0.873240637645794,0.281329343028132,-1.25096890823741,-1.01626559267806,-1.03413050965829,-0.916164419841245,1.02664730965691,1.76529262475172,1.60512287213709,-0.688649395352702,-1.05339215862486,0.184988111455032,-0.998005682724325,1.86198240461285,-0.97764283953702,-0.283459829169883,-0.104018778011792,-0.007172125140126,2.05422161040814,-0.837871984620032,-1.19075320412655,0.330799741408578,1.83756163629575,0.983929304112622,1.24573913552997,-0.27549063804463,0.8147646874488,0.764812216863063,0.795206799541994,1.84939742672893,-1.40320637653019,-0.432137592993751,2.19889583026615,-0.316993209132388,-0.769933083931189,0.619865881771926,1.57414546850722,1.21236819234525,-0.515537453023453,-0.314507211489091,0.314507211489091
"Smu1",NA,0.582415442390982,0.108868141192716,-0.102422387234557,-2.18212731946419,-0.245113768540839,-0.55958375806617,0.389023632511588,-0.354808880936371,-0.485373042088823,-0.476024186775601,0.775002099792759,7.61320902976942,0.107329498232594,0.403260211756191,-0.686243682639798,-0.0251229813497455,1.08634977891658,0.0371234799287659,-0.558743881784006,0.620877863310954,-0.202800580357909,0.131880653260755,0.246612531743234,0.211298622244222,-0.775391151792367,0.31303459798046,0.479705485486466,-0.0296614344476485,-0.264654002977049,0.305687608438405,0.145055189125017,-0.824369119650251,-0.261766219627582,0.398910613962971,-0.357793300841879,0.400371778467566,0.0455460780057669,-0.213413526897935,0.333811183375203,-0.424715998493168,0.0482260832010405,-0.126455765130494,-0.687369481971037,-0.280065173853359,-0.696394039995084,-0.338784460532235,0.103435045479699,0.081680974474556,0.0860695898793205,-0.477636793652253,-0.664113030459597,0.518645136631601,0.839769180033622,0.230130752569835,-0.578083381649885,0.10893385770212,0.444146281970613,0.092584521895483,-0.450891091461919,0.644837625559177,-0.352616095861425,-0.692867952950054,0.182923773741636,1.3541091204265,0.170501188726074,-0.184565681238648,3.4310875029417,-1.20870874571063,1.20870874571063
"CG6015",NA,-3.29770819973205,0.325827311028727,-1.17849678827277,-2.32871554173954,-1.28880541328593,-0.039602428717294,-0.81914679780935,-0.922907416024399,-0.0695691192005284,4.0406449743171,6.41315544808472,1.69737274611624,1.92003221368399,0.333291033663101,-2.66339043791934,-1.17485971678993,-2.56935227409935,-1.09061489227163,-0.191321147174229,-0.960286386375061,-1.04084405821179,-1.16149915831827,-1.23453328461949,-0.92454156642141,-1.12364873871076,-0.530533766932315,-1.75826086935096,-0.464611460232922,-2.28036351180713,-0.267173018006054,-0.871713254065674,-0.20078968717055,0.483653804965785,0.921339878949959,0.242108623918448,0.641417642650319,-0.114546645245218,0.746292865116561,-0.472558667772792,-0.289982303716842,0.625226710731468,-1.11784748890292,0.405284717547964,0.467995021496282,-0.390227621179782,0.613074881241772,1.58298601605108,-0.126341316937157,1.98678921457507,0.479160347191024,1.23997657516943,1.80030801542989,0.398319474136654,1.8248957879796,1.75445812220839,0.529622325678201,4.80870763135192,0.982491717935588,0.906675530631614,-0.0225430191046495,-0.371890996212554,-0.695260738974057,-0.861112850648169,-0.462453084146874,-0.915417850593555,-0.703533119906015,1.97967432933504,-1.6179693028932,1.6179693028932
"SF2",NA,-1.21213720090202,-0.127875233806914,1.6167578522105,1.4570210045985,1.88234941218741,1.40505943663983,1.14112546989684,-0.010831585375537,0.770446553348498,1.07135772693932,-1.11959569131056,0.45839663700698,0.736199534919245,0.040675337481162,-1.32653519809639,-2.05745436525779,-1.40723589576626,0.288565147670435,-0.284854245978782,-1.27817047478371,-0.829907347390769,-1.9342270202268,-0.621186008336089,1.38138093160121,-0.728430643956469,-0.385528383569541,-1.67224857481841,0.370701203384173,-0.467482060798124,-0.00755060772930349,-0.607127619904004,0.163553837532555,-0.403269552299303,-0.871815376224508,0.464072565101834,3.0963072190058,0.496736613630616,0.451547679216557,-0.774572501979004,1.25104630363799,-0.34932804003901,0.343473233911274,-1.12042543325086,-0.061073194987375,-0.115938727633086,-0.933722624215584,0.158303109748546,-1.33613870795892,-0.455600473296146,1.38130398949293,1.84348161478573,1.5063916751235,1.81930098767643,-0.48793569447666,0.911812583188681,0.404389973198382,1.06380055635041,2.00178412670097,-1.10909936030352,-0.18136033283438,1.03394393202893,-0.455865663111752,-0.631327929794925,0.263688412033851,1.65576660735405,1.04029116249771,0.263623768370573,-1.50264206814591,1.50264206814591
"glo",NA,-1.40392092834248,-1.04053707457081,-2.10285768699351,0.0438060297561675,-1.84086339873509,-0.120779266183112,-0.942342010809563,3.89041797728464,2.75140414669809,1.41646862527104,1.01402892781354,-0.378795290252654,-0.488570213921029,0.236989585378595,1.51474366925891,0.659918989892925,-0.558697257225385,0.107833366527726,0.0913168940777422,0.0461628812044015,0.733500376706338,-1.07328986714914,-0.356008516345705,0.551927238585008,-0.263408605969548,-0.244723760478467,0.798134712626562,-0.965658637637046,-0.042426982950225,0.249116209400961,1.31382012994591,0.986784503120905,-0.199823102346933,-0.331743734417411,0.05185163647333,0.350125517063704,-1.27767010216349,0.80426452419949,-2.00051922522954,-0.184602764391076,1.19927072863676,-1.03322132666087,0.436700389815253,0.652518871881722,0.879355969301888,1.03480606810608,-0.348690580614007,-0.416871505867916,-0.570690961182048,1.32358096221751,0.429074221910894,-0.359133365604543,-0.367742328611689,1.79181225492131,-1.34465191197835,-0.423138853669545,-0.0786975711312153,-0.343078125612638,0.0490679922647205,0.131737109673375,-0.400846407462706,-0.227238096610744,1.57362973201508,1.58811189277877,0.281455949918588,-0.335252149931861,0.710670758880297,0.910215195348691,-0.910215195348691
"Doa",NA,-0.752185496051866,1.39586394729578,1.76765419852589,-0.039968426568298,-0.713994477280365,1.76555643749064,1.41316038274427,1.77082215487866,2.87792588038815,0.937235936615196,-2.03029266503744,1.54610353705561,-1.40289653032533,1.54761319593776,1.47670779376737,1.86712668381917,-1.47302686751203,0.0659513390489945,0.424075461229581,0.460500010061238,0.674486111720748,0.569247541834569,0.95747662934359,0.393223383570888,-0.302864067521146,0.0669690950467709,-0.896113330584187,-0.975975495844495,0.548421567590169,-1.12574043544498,0.152326016759927,0.93427475253463,-0.709420993397935,-0.00441172580098455,0.216256511028032,-0.168300435378683,-0.230739872608322,0.515653094532894,-1.22973503672029,2.84375534409559,-0.020514718957153,-0.815299717561255,-0.880981451994495,-1.38138447904925,0.495782218256147,-1.69196554442149,0.28765200340079,-0.578333863786516,-1.64958103298004,-0.37948922043822,0.626413992762816,-0.039268678575188,-0.212232165717672,0.64420566028693,-0.643238532059598,0.998577332468763,0.326896164729812,1.47659098085025,-0.407666952193975,0.394857760697801,1.08999546412083,1.00904062126805,0.951978537045491,0.820362766050543,0.488918307936588,-0.857363567906697,1.01404524242459,-1.0255339732199,1.0255339732199
"CG42458",NA,-2.39261651337325,2.24109936046779,0.635574727615178,1.18132398721397,0.754247280198426,1.70443876911639,-0.980063150792139,3.30820411283849,0.736806774366113,1.54379400120051,1.4513811804785,0.783821106660161,0.124502119615956,-0.542051246900155,-0.150986087397769,-0.446626280416136,-0.317555606287047,-0.424786190520124,-0.127587702327901,0.0158734463607825,-0.00296056033738051,-0.102068926856723,0.0536419440873121,-0.829583995431104,-0.044792311333734,0.154200146429723,-0.726984202262765,0.132356182917392,1.03152722085328,-0.508338193233752,-0.578696780687962,0.493449571500462,-0.0186399396939605,0.579574378006468,-0.419968759844741,0.507079535737452,0.395833904769875,0.345180844263714,-0.140739174663289,0.812925480745945,-0.268860920662346,0.361351932437408,0.00229650802216752,-0.326996960890031,0.281435947458488,0.10447753828506,-0.246621281890662,0.762360332251721,0.309935704654328,0.709896286092305,0.373346919284964,0.429532325876707,-0.56369539646308,0.46509491883663,0.327994670610249,-0.487190955786417,0.147536115783816,0.362613235000604,-0.410294541737406,1.01526423197576,-0.932500689134887,-0.487485976539588,-1.19464353386437,-0.1060495059428,-1.12238441166044,-0.248955143721853,1.07707911760008,-0.513802315902546,0.513802315902546
"rump",NA,-1.02262947655982,0.12346531314684,1.35815646316353,-1.59845327582938,5.39186137915708,-1.42954260059308,3.18131881760938,-1.94205841729621,1.94162931577171,1.09034067887586,-0.685000435174444,-0.422493860825065,0.451561779470308,0.0716236870804085,1.04748809504644,-0.119337737693985,-0.789449679404097,-0.187271914574501,-0.317830627116203,-0.062110349389078,-0.895633521870411,0.48634138452852,-0.427681825729327,-0.545409531436666,0.00802123845521965,-0.0717917782498165,1.00696866862987,-1.25919127264358,-0.980177603702992,-0.831141980476297,-0.113256494077454,-0.917776461240108,-0.540888492796722,0.402873539361111,0.567729225022678,0.813758947123673,1.00870307605737,0.590562948750142,-0.592213614471976,0.358703953662708,0.0842315161882733,-0.747640526748569,-0.037650108960648,-0.480509216092789,-0.340097678699367,-0.053426350685382,0.002415490609405,1.61256245596475,1.02102302445656,2.7679861775078,1.5790279247324,2.11511243902746,-0.108135315738176,0.857935457232132,-0.608391528065727,-0.35493139241439,-0.158617667290582,-0.927307959697629,1.78671942578898,-1.45201654139088,-0.510893564082111,-0.683486985261142,0.184316509011547,-0.444396914929486,1.70004860388287,-0.113805014002091,-1.58990321464844,0.298076100305578,-0.298076100305578
"Prp19",NA,-0.815389376082235,-0.264973428809557,-1.1088884968673,-1.08283614168061,-0.037988985362878,1.16941126977395,-0.477989096456247,-0.270857373037958,-0.294665473263048,2.64626785614604,0.164913378873578,1.84714831829493,-0.455178762523077,0.00813148573929501,-1.21086668494577,-1.2022425926512,1.67971921354389,2.81598106569993,-0.242775795115305,-0.419806629824254,-0.49457843199359,-0.949231911923645,0.674515059652094,-0.748920458008888,-0.620935628907947,-0.416770889658819,-0.224282604363146,1.23504605073516,-0.916342689547011,-1.39662606607066,-0.60082132376523,-1.38038090424576,0.147397170049145,-0.7170184434527,0.130935482403044,-0.157120494611277,0.294051306493957,-1.55682609294124,1.07168229052201,-0.8435169760419,2.73740698323956,0.754854704543372,0.165553806731246,0.126102304403498,-1.16517559538526,0.768779268159926,0.415698694041358,0.660849329326686,-0.278543060522443,-0.903399945122477,-0.796344399499388,-0.541509024720311,-0.56094691376702,0.600984215501354,-0.454283252337737,0.404378055764862,0.107841847189218,0.582256215039401,-0.126265477578835,1.93396556088117,-1.60819675665316,-0.462491783781372,-1.33085374366717,-0.384831907469143,-0.800844768544583,-1.50478795178516,2.77647748118664,0.6568669348167,-0.6568669348167
"ps",NA,-3.30475888231005,0.487297570435062,3.67787362352416,1.58395399346468,-1.42753117213995,0.809590057038956,1.82105211024834,5.6738791574969,5.7060181561485,1.74480816090135,-0.0438071923227243,-0.277660036890793,-0.573111015842879,-0.447911957375603,-0.338197616436783,-0.793871605983594,-1.19092361420858,-0.550787079143734,-0.306001031699696,0.20920130666763,-0.344958539836409,0.596877120663549,-0.00894509705167698,0.047428724501902,0.177047694143185,0.198222245574401,-0.396301167238992,-0.551909314602816,-0.457697984432208,-0.210585467628341,0.670470677773652,1.55928640066666,0.293048095141773,0.197401644533922,1.05945352441115,-1.05272939886601,-0.870153935059849,-0.162793734044088,0.494979104230087,0.175602303183744,0.615285661766744,-0.027982001489593,0.769846462793111,1.23894792613799,0.926985357762642,-0.307780103677674,0.21812112745214,0.838903278448131,0.980077007795708,1.00154167421059,-0.123946103113826,0.799821833737826,-0.0810728327115104,1.51270356276091,-0.510400937094855,0.651083681539685,0.487512547946104,-0.662194147179909,1.68835086409972,-2.13729059171918,2.03468669684062,0.344896689314957,0.493770774313313,-0.982287340409902,2.5876322707756,-0.475793339349346,-1.5372536972393,0.720481405110011,-0.720481405110011
"SmE",NA,0.665617372069156,1.13088870509067,0.448412018750624,-0.020109304563559,-0.221431679020843,0.738576813952349,-0.343624197540763,-0.795737991156008,-1.16619978421603,-0.727633754851436,-0.410814634830195,0.735807905021566,-1.93703515772033,1.17332070087377,1.97328978083326,0.654900394796637,-0.838209606530605,2.22420361307078,0.3133123642868,-0.863624494997214,-0.899136437969839,-1.53805915464927,0.0079522309652155,-0.206103045832856,-0.386257066042794,-0.913371800314266,-2.13824980068777,-0.382546136130337,-2.00436178679937,-0.013076180683123,-1.62046712157125,-1.48385314293308,-0.969217686461978,-0.0216058250293749,0.100947958746936,-0.891362268494778,0.232493314661501,0.256134676435456,-0.628643657814487,0.123809364089727,-0.377582869422181,0.67144862870246,-1.37521059525164,0.291175225184305,-0.437102013758715,1.15927854570797,0.778507265384032,-1.50795143997889,-0.869468258034956,0.152533940441848,1.21426929836529,2.82331168485279,-0.117900996073101,-0.442001694455806,-0.313933776708197,2.32329162842986,2.70924164271992,2.44849210261046,-0.0058192247796325,-0.691124149638269,1.26308100362373,0.143518580108344,-0.306637224165879,0.171368542854354,1.29450547794879,0.247355979109245,0.0743951137239017,-2.21065257707081,2.21065257707081
"scaf6",NA,-1.19173171920261,1.86672970987389,2.63176393011906,-0.731929355037284,0.485640577663338,1.77062699182977,1.83365418302236,1.13989989995136,1.617685793213,-0.0306066088101958,0.181783555238371,0.364506591429913,0.788349639594848,-0.458348045509611,1.06629892589626,0.292134503563735,-0.506047716913575,-0.0690077092798549,-0.275767189833803,-0.382467427398232,-0.448154342361737,0.142801149601695,-0.646192747977256,-0.310951380005123,0.207830914930531,-0.0301754653488674,-0.482537240499927,-0.763824210139712,-1.00640554706418,-0.450161567988416,-0.0155474627684515,0.669241864582021,0.788667732862046,0.529168334951586,-0.596731554296974,-0.438669181071219,-0.355713086663789,0.802295862019189,0.105231682498049,0.299313100837563,0.419940967161985,-0.338960870728657,-0.300863310533611,-0.265558736318774,0.293580327934421,1.86079202799163,-0.383061555919805,1.11855414872315,0.575831432489647,-0.44585107596493,0.410040090632843,0.708211374093916,-0.785647423696406,-0.207034538645453,0.451055593280358,-0.262113753472423,0.0443618994239322,-0.770271592838761,0.0782529864791262,0.416014665196074,-2.49235777525596,-0.675270197305345,0.0632504804579,-0.019957007104195,-0.694805155299171,0.685387194094947,0.575717439312504,-0.897132664199173,0.897132664199172
"SmD1",NA,1.301528205597,-0.665308781838678,-0.609630395158045,-0.850326600742224,-0.31697191325541,-0.185611656214313,-0.871788981530661,-0.877864805085345,-1.03815902796354,-0.218067612769361,-1.1193143667093,0.051735353056433,-1.93669457426068,0.281989017161733,2.95009181986113,1.23535285099179,-0.420348943992233,0.909534933043534,-0.238512552434387,0.410509393095449,-0.476222920485728,-0.9643547024488,-0.121092904527967,0.609832491558393,-0.394524006403482,-1.10502731589617,-1.98062734110281,0.625773337902325,-0.662341418445712,-0.048944248410547,-1.72271383415114,-1.1517919396659,-0.636258650570811,0.48964622728327,-0.235751090268794,-1.26381509646081,-0.102668107355795,-0.0980384489054785,-0.337478295878564,-1.0555577026474,-0.665267273628699,-0.208304044060552,-0.840494233515416,0.225374191417463,-1.20629439981437,0.629418502877593,0.597965683142615,-1.00178794190955,-0.936841633945619,-0.021001121960989,0.399894549147001,1.22263934415999,-0.851141721833547,1.41434856189106,-0.429434568028997,1.72291882294673,2.29617737633609,1.75205743973667,0.954690792535847,-0.845377512404552,0.633595346627713,-0.691260410009928,-0.558873987191396,0.50639711817774,-0.415151218027366,-0.183095245707703,-0.0109955202430902,-1.69873416247045,1.69873416247045
"Mi.2",NA,0.757709674581396,-0.531394882136225,-0.785182172508101,-0.245454495346576,-0.65648902485572,-1.1039494171627,-0.238039783412882,-0.11915493721498,0.051728527191304,-1.06962669202634,0.291910515823042,-0.328471912059673,0.36324256451991,-0.382617294671137,-0.696316175690051,-0.712859632053114,0.266793778557176,-0.862087507580581,-0.61760826902898,-0.231919618665279,-0.398559991906198,-0.275509054737961,-0.412044187796656,-1.12621756209007,-0.621025058580424,0.0832125607090515,-0.078589468096653,0.410354520578136,-0.392569342666712,0.57640018121849,0.233940319036488,0.396726537123735,-0.195762640894078,-0.229238592665009,0.462366895982681,-0.529880150250487,-0.244133647985335,-0.59038668598303,0.423290890081114,-0.206729512124243,1.76095768608242,0.56802440187927,1.22188552622136,0.0785675448587671,1.44849213881135,0.965986881994311,0.923294187111292,0.195352519639129,1.1162696493903,0.00772982296070901,0.0662679237016625,0.346360423533771,0.413234112549635,-0.234434287754398,-0.287111483082015,-0.391936138665201,0.0916726558698725,-0.422963024652931,-0.482216290041497,-1.33540474474969,3.3138245562059,-0.449298295261503,-0.249912299944315,-0.450538761437875,4.36029700249034,0.645837714502815,-1.87119889128836,0.46721132537612,-0.46721132537612
"SmB",NA,NA,NA,NA,NA,NA,NA,NA,NA,NA,NA,NA,NA,-1.8538200289252,1.46149127729134,2.09170198987109,1.04707826720491,0.459910362636155,3.08687906831536,0.28010967579773,-0.00937889243265405,-0.9291953198718,-1.65990735686715,-0.335402435599241,-0.344806600490048,-0.864264286871349,-1.11436343053669,-1.44960985495905,-1.40718474666899,-1.85542534290385,-1.52878502183583,-1.4846628189069,-1.05190359473519,-0.717595884152438,-1.47098086520205,0.343286259433777,-1.15908505003694,-0.687149996123475,0.207598578963395,-1.2049262541512,-0.242578159719116,0.0838402157673469,0.542859162131821,-0.506278944032269,0.053398404025775,-0.50179888604669,1.89872806806301,0.0184735125083905,-0.354766931144126,-0.627709806270064,1.35243916843687,0.791873396076572,0.771498784204614,0.144000140527895,-1.6869251547175,0.417826432534069,1.21420793574114,3.93315083928513,2.29806080898735,-0.400568867524478,-0.297611127549544,0.804692646843207,-0.0681192121660775,-0.606648162564591,1.05781218855762,0.550985263958639,0.422812696426152,0.25346272418828,-1.92333811762544,1.92333811762544
"mub",NA,4.67808773402082,11.9021397024059,-1.94200982495673,-3.19291537943734,-4.07832868530261,-3.62125623023436,-4.74544266924513,-3.48304978876125,-3.35498065229944,-0.709609127499793,-2.00444755565079,0.429766927052259,0.484577950682229,-0.972230120082209,0.117120141066829,-0.68446638354043,0.804404696086177,0.133056999615533,0.220114149487473,-0.017041646691324,-0.400931736128195,-0.249772620838739,-0.136602601101274,-0.463633217608544,-0.332291138626699,0.483061303095113,0.201606979072984,0.201720690729827,-0.00963334862299348,0.639346438628169,-0.537718804838324,0.36980275781929,0.685727477360161,0.335143110145917,0.16043359229627,0.103474133783397,-0.489905934654929,0.112926895817696,0.38278620833584,-0.223790631479673,-0.158653331988594,0.0421282037818425,-0.190610593232783,0.201097363948379,0.632025770000203,-0.2402378804288,-0.196630129183496,-0.326487401170143,-0.199225281344994,-0.173577094868646,-0.157440840621871,-0.068605951070451,-0.601047809611621,-0.442256372778348,-0.598637534782418,-0.266930091933107,-0.283412869569122,-0.0619154521966985,0.46054879399278,0.546861236744655,-0.730430774857098,-1.37052157325521,-1.20084196342165,0.512146723233451,-0.149534250157895,-0.819522958022119,0.427255924588353,0.583096031844887,-0.583096031844887
"sqd",NA,0.0356886639063315,1.44981920305266,0.809227749537775,-0.417496945651153,1.3991378228091,0.634838576217709,2.1663431691389,-0.351467244648707,-1.38209725035507,-0.317770373828566,-0.631754597242785,0.742513532381937,1.88811834470633,-0.951066801603612,-1.32039936726994,-0.538514988709437,-1.15284680330263,-1.27836417705721,-0.120641870544456,-0.666441538743692,0.012805823315752,-0.529642802788207,-0.155031036867576,0.238969956585964,-0.409102291695595,-0.0755797983082637,-0.30593499332749,-0.944867847838867,0.808951210050566,-0.721368668014165,-0.205230658353297,0.389084049656428,-0.197382376061576,0.443149188056876,-0.295507337961944,0.810670545771647,0.762631051784185,1.04604090935856,-0.136327457251558,0.583078375549048,-0.295325476124119,-0.064918233366349,0.0854911035041945,0.967736661658442,0.877730934114106,-0.760364885979387,0.841462223648451,0.67650495341254,0.81526629803142,1.77454508293143,0.435959693652254,1.20072736366934,0.451156024492838,0.424325965616146,-0.317418510488097,0.0871707308420825,-0.320091197287335,-0.823352432651079,1.90591506141965,-0.660261901671868,0.809806065378241,-0.125036036430814,-0.715149368805976,1.10331075715828,-0.184670764566762,-1.84272858803179,0.376436384213605,2.26351942461284,-2.26351942461284
"l.3.72Ab",NA,-2.92703198375685,-0.280893014548284,-0.313709949959636,-1.12896816077439,0.799206051597793,5.80819231994185,0.821739749811669,1.10243294781457,0.0513169717793755,4.22395395657167,0.262646558574341,0.0142198587693815,0.538545732354545,0.273220955358693,-1.31029893158322,-1.30038953715311,-0.565550975993595,-0.539882215864534,-0.123986513493289,-1.85211166843487,-0.952323231187123,-0.0647645299616995,-0.758503176951778,0.269814045667269,-0.645102795849655,-0.621661873654099,-1.04273524731818,-0.625748961128657,-1.07403260027085,0.689663848428454,-0.529854176385,-0.685367271076216,0.242533809911256,-0.944842766276535,0.378260166643874,0.777714676744844,-0.251576057949409,1.02405630813425,-0.394645556995698,0.584812603549034,-0.212208390236512,-0.740548534082347,-1.03090785639147,-0.95585492693658,0.538264370323049,-0.725417823993541,1.4261965720056,-0.800580703727046,-0.091553218892112,-0.814209586597739,1.35972503606257,3.34033070887839,1.17455126502566,0.014243615364955,0.25322288097184,1.85333897614428,2.70366751364727,0.61596151075469,-0.803371184971663,2.00071435742479,-1.37372501749702,-1.06056154496994,-1.21789207224472,-0.436892044040758,-0.096066958448583,-0.92139628336668,0.949325496043428,0.117624933505633,-0.117624933505633
"Zn72D",NA,1.81623410982365,-0.955361289493713,-0.896159070863911,-1.43367429181051,-0.682795471438947,-0.60000227545075,-0.36608724217919,-2.12803838735754,-1.29107955357421,-1.30759202827711,-0.134623314922202,0.108869591090923,NA,NA,NA,NA,NA,NA,NA,NA,NA,NA,NA,NA,NA,NA,NA,NA,NA,NA,NA,NA,NA,NA,NA,NA,NA,NA,NA,NA,NA,NA,NA,NA,NA,NA,NA,NA,NA,NA,NA,NA,NA,NA,NA,NA,NA,NA,0.785465770177844,-0.175128015309326,-0.0914384341396292,-0.954688067503516,-0.414145309515062,-0.759608139159273,-0.410651361920765,-0.459308089011419,1.10135344338459,-0.569668933887594,0.569668933887594
"how",NA,-3.17905016428149,-0.62176834068036,4.2185279280063,2.62568295357707,2.89483885172093,-0.590469167437766,1.93858038790337,3.53511836575364,1.40644971422262,0.007893969984996,1.96234907106323,-0.418321985604005,0.0921918918241667,0.185738003391076,-0.161697475293237,0.0918896419756874,-0.119618622485371,-0.41682098059473,-0.144125789528047,0.528233588226887,0.027145345136747,-0.257126080828591,0.03901906100145,-0.567768131359745,-0.0497096591049345,0.258470650903817,0.514492904244426,-0.398443452734987,-0.16300446352857,0.25767717728789,0.594788700106315,0.583559402634097,0.0101773780136368,1.10800846279996,0.223034466823493,-0.194098740955591,0.646311996651977,-0.583508058209181,0.877093265002598,0.16580375992953,0.057000065485147,0.33016240672664,0.343702141720075,-0.300038041969299,0.65050763767761,0.20680982106571,-0.00891981751705055,-0.552922034952513,1.10828305065236,0.181938207873171,-0.163539952307611,-0.29817751195655,-0.493013257996322,0.385427656287314,-0.114030745087622,-0.393731801868676,-0.326483482095712,-0.502023358806736,NA,NA,NA,NA,NA,NA,NA,NA,NA,0.359736145846767,-0.359736145846767
"SC35",NA,0.479784855142843,-0.518574883356211,0.529360062593597,-2.11514603622297,-1.65058649737794,0.810427942402981,-2.42046610533287,-0.172974531096696,-0.248561058805991,-0.528790883490152,1.66249876324797,-0.244733120520008,-0.401968601009455,0.879462312057852,0.64282632987825,0.276333480888777,0.083031454762984,0.420377899955441,0.362799371973914,-1.6986839511754,-0.022789987688928,-0.185895988474061,0.386720477857559,0.405312715580042,0.215196539111182,-0.043079118239782,-0.373630265103901,-0.599093221845136,0.703133374705835,-0.0341999613491207,0.413121056328199,0.768592336519272,0.162270999678128,0.0369874058956996,-0.067357533037092,-0.895773617134422,0.01798092881031,0.264180822856756,-0.501189467212181,0.149950579306822,0.0440543340536605,-0.932339108558851,-0.61487220459571,-0.52130088231916,0.04340441120428,-0.197904564652077,-0.0200349064501685,0.034032074250672,-0.892151404533347,1.03685963065032,0.594745045379077,0.31188415524031,0.304291588920023,1.41928970313106,-0.578971730904761,0.316684560649047,-0.253733707162784,-0.512330155290661,-0.358356220494629,1.06718170510621,-1.44061706769897,-0.20732091137157,0.249972634560929,-0.318719205910534,0.218493923748788,-0.264472645519435,-0.264765724761387,0.746538295830098,-0.746538295830097
"Cdc5",NA,-2.10706038374826,-0.109990163409195,-0.827753776991016,-1.34511834659242,0.0440038230941035,3.58520678210686,0.00971625658379105,0.982065710133922,0.122167185731423,3.82848667984815,0.506490119862631,2.99995043600444,0.229945753110693,1.15763905876191,-1.20775122946391,-0.558947461027262,0.408377452455731,-0.303189774785725,-0.340175149067301,-0.280845809313019,-0.78694027402391,-0.540329743720962,0.098267093970967,-0.652097671988207,-0.165934472449558,-0.119388075421289,-0.169412426043153,-0.0583855572755955,-1.09338166913437,0.73791735253761,0.226374290558993,-0.6536768095836,0.274273786365033,-0.493668316891173,0.164380740513933,0.545107583424308,0.127546063427235,-0.839682034360678,-0.1112958028847,0.440712065753648,-0.085920045290386,-0.498554728626977,-0.438031397484458,-0.512923975160888,-0.09202052305765,0.224257844770393,0.514713029718287,-0.450037372697877,-0.231399822455875,-0.519427541675213,0.568017058982768,-0.057025873602971,0.889696585012598,-0.366423646026903,2.35228765412166,1.55227921302862,0.191950287336022,-0.17210089287415,0.103970519167559,1.44015007974363,-1.15700742929489,0.156824785851746,-0.925799200007917,-0.188347912901303,-0.409519740114831,-1.46745796898623,3.46506443463482,-0.173411044198988,0.173411044198988
